id,nama,email,no_hp,tanggal_daftar,status
1,lani hidayaT,lani6742@gmail.com,8813366421,2022-06-21,actve
2,ANI BASUKI,ani8539@gmail.com,8133399249,13/07/2023,INACTIVE
3,BUDI WIJAYA,budi156@gmail.com,8982078780,21-07-20,Active
4,Budi Santoso,budi156@gmail.com,8929083298,2021-03-12,active
5,Sari Hidayat,sari9639@hotmail.com,8484905574,05-12-23,Active
6,eko pratama,eko265@gmail.com,8417126762,22-08-23,inactive
7,putri siregar,putri8820@yahoo.com,8775438219,2022-02-19,Active
8,Sari Purnama,sari3947@hotmail.com,8122519459,01/02/2020,inactive
9,maya kusuma,maya9870@yahoo.com,8382609282,16-06-22,Active
10,maya mulyanI,maya6575@hotmail.com,8513213974,2022-08-28,aktive
11,Ratna Fauzi,ratna6646@gmail.com,8476609813,13-03-23,in-active
12,Guntur Purnama,guntur8993@gmail.com,8941550153,2023-06-12,banned
13,Sari Ramadhan,maya6575@hotmail.com,8503530780,27-04-22,active
14,Ratna Wati,ratna6074@gmail.com,8325460490,20/04/2020,inactive
15,EKO WATI,eko7810@hotmail.com,8848107006,13/02/2021,in-active
16,Agus Utami,agus6002@gmail.com,8333060920,2020-04-13,inactive
17,hendra muLyani,hendra8002@gmail.com,8999275472,29/04/2020,active
18,dedi nasution,dedi9687@hotmail.com,8953134782,2020-12-10,active
19,agus pratama,agus9949@hotmail.com,8279598578,06/07/2023,BANNED
20,Joko Saputra,joko5464@hotmail.com,8204091675,23-05-22,active
21,Hendra Lestari,hendra5361@yahoo.com,8879539711,15-02-22,active
22,dedi Hidayat,dedi2881@hotmail.com,8161862690,18/12/2023,actve
23,lani gunaWan,lani374@gmail.com,8749709284,2022-02-26,inactive
24,GUNTUR GUNAWAN,guntur8521@gmail.com,8366150664,2023-04-19,Active
25,hendra wijaya,hendra7625@yahoo.com,8725107439,2023-02-02,in-active
26,adit setIawan,adit4924@yahoo.com,8194904677,02/12/2021,inactive
27,Guntur Siregar,guntur8603@yahoo.com,8774973161,11-04-22,in-active
28,Dewi Ramadhan,dewi2826@yahoo.com,8518552431,2021-06-24,Active
29,hendra wati,eko265@gmail.com,8134614307,24-08-23,aktive
30,aNi mulyani,ani4349@hotmail.com,8996455588,02-10-22,actve
31,Indah Sari,indah9260@hotmail.com,8229335282,29-02-20,in-active
32,ratna setiawaN,ratna7876@yahoo.com,8848883137,2022-11-14,active
33,hendra ramadhan,hendra2778@hotmail.com,8233343854,2021-04-12,INACTIVE
34,sari wati,sari9717@yahoo.com,8665771397,11-07-22,inactive
35,joko siregar,joko2729@gmail.com,8744839955,20/05/2022,active
36,Rian Pratama,rian7798@gmail.com,8196223866,30-05-21,in-active
37,Eko Mulyani,eko5158@gmail.com,8977503257,24-07-21,banned
38,DEWI LESTARI,dewi3644@gmail.com,8707747423,2023-06-13,active
39,Dedi Sari,dedi6223@hotmail.com,8938301616,2023-02-04,inactive
40,Sari Fauzi,sari2661@gmail.com,8329150191,22/10/2021,active
41,LANI RAMADHAN,lani8498@yahoo.com,8339109502,07/04/2022,inactive
42,Eko Setiawan,eko4368@gmail.com,8499233334,14-10-20,INACTIVE
43,rian ramadhAn,rian7716@yahoo.com,8407260649,23-12-22,Active
44,Eko Basuki,eko8584@hotmail.com,8937963487,2021-01-28,aktive
45,ratna faUzi,ratna83@gmail.com,8738638926,2021-11-05,aktive
46,Dewi Sari,dewi2072@hotmail.com,8752167842,23/11/2021,aktive
47,Sari Kusuma,sari9664@hotmail.com,8493420513,21/12/2020,inactive
48,ani hidaYat,ani2789@gmail.com,8861423196,2022-04-16,Active
49,agus purnama,agus8203@yahoo.com,8211963147,03-08-20,in-active
50,rian purnama,rian5085@yahoo.com,8632824947,26/04/2023,active
51,ratna sari,ratna7983@yahoo.com,8894365986,2023-03-16,actve
52,Putri Lestari,putri5888@yahoo.com,8606440173,2020-12-31,inactive
53,DEWI WATI,dewi6997@gmail.com,8366208162,20-10-22,aktive
54,bUdi hidayat,budi2678@hotmail.com,8405257845,25/04/2021,BANNED
55,Bambang Fauzi,bambang5416@gmail.com,8788185472,15-06-22,actve
56,Bambang Basuki,bambang3571@gmail.com,8198410196,18/12/2022,in-active
57,GUNTUR MULYANI,guntur8172@gmail.com,8572234258,21/02/2022,actve
58,LANI SANTOSO,lani2059@yahoo.com,8166399522,2022-04-12,inactive
59,adit utami,adit1975@hotmail.com,8972541256,2020-03-14,aktive
60,Ratna Setiawan,ratna8687@yahoo.com,8397037942,2022-09-14,BANNED
61,lani hidaYat,lani6714@hotmail.com,8914443475,01/01/2020,Active
62,Joko Ramadhan,joko3106@hotmail.com,8304281294,04/06/2020,in-active
63,rian kusuma,rian2347@yahoo.com,8122806739,17/10/2020,Active
64,ANI SETIAWAN,ani4653@hotmail.com,8771570456,20-08-21,actve
65,ani pratama,ani2470@yahoo.com,8208458061,05/11/2022,inactive
66,Rian Wijaya,rian1231@hotmail.com,8237469646,12-02-21,inactive
67,ani setiawan,ani276@hotmail.com,8761202225,2020-10-23,INACTIVE
68,Guntur Siregar,guntur1899@yahoo.com,8241254071,15-04-21,BANNED
69,RATNA WATI,ratna9039@gmail.com,8171208261,2022-08-14,banned
70,PUTRI SAPUTRA,putri982@yahoo.com,8624081319,19-08-23,active
71,Rian Nasution,rian6766@hotmail.com,8862015702,29/04/2020,aktive
72,rian ramadhan,rian2516@gmail.com,8681673784,22-06-22,Active
73,AGUS SETIAWAN,eko4368@gmail.com,8741997633,2020-09-14,actve
74,JOKO SETIAWAN,joko5701@hotmail.com,8712224569,12/04/2020,aktive
75,siti nasutioN,siti5929@hotmail.com,8923211252,2021-02-20,aktive
76,Mega Purnama,mega2645@hotmail.com,8203804242,27/11/2020,active
77,Dewi Sari,dewi5813@gmail.com,8251546838,19-09-21,active
78,Indah Fauzi,indah3132@gmail.com,8264808318,07-11-21,INACTIVE
79,puTri sari,putri5353@gmail.com,8199047377,05/12/2023,banned
80,putRi wijaya,putri210@gmail.com,8648351045,09/08/2021,banned
81,ratna naSution,ratna8558@gmail.com,8412849328,2021-01-25,BANNED
82,eko lestari,eko9623@hotmail.com,8765376461,2020-11-29,BANNED
83,Bambang Mulyani,bambang7282@yahoo.com,8891453660,2022-05-26,in-active
84,eko mulyani,eko4097@yahoo.com,8877211180,08-03-20,aktive
85,Rian Basuki,rian7913@yahoo.com,8242301437,2020-03-10,actve
86,Ratna Lestari,ratna517@gmail.com,8256740839,30-06-20,Active
87,putri fauzi,putri4623@hotmail.com,8212460239,13-12-23,active
88,Maya Hidayat,maya2456@yahoo.com,8382695794,25-02-23,aktive
89,Lani Purnama,lani6003@gmail.com,8463723809,04-11-20,in-active
90,EKO UTAMI,eko6824@yahoo.com,8472443943,2023-05-29,inactive
91,Indah Pratama,guntur8993@gmail.com,8113671075,2023-01-30,actve
92,guntur saPutra,guntur6687@gmail.com,8319712391,24-05-20,in-active
93,hendrA purnama,hendra732@hotmail.com,8283539811,09-11-22,banned
94,RATNA PURNAMA,ratna9477@hotmail.com,8849683942,15-08-23,banned
95,lani mulyani,lani5629@gmail.com,8287807044,2022-08-28,actve
96,PUTRI FAUZI,putri7311@gmail.com,8709523719,02/04/2023,Active
97,Dewi Nasution,dewi1430@yahoo.com,8563792257,2022-06-01,INACTIVE
98,joko ramaDhan,joko2034@hotmail.com,8238875452,12/11/2020,aktive
99,dEdi hidayat,dedi4260@hotmail.com,8185782269,09/11/2023,Active
100,DEDI WIJAYA,dedi9009@gmail.com,8469164713,2023-10-02,in-active
101,maya lestaRi,maya6863@gmail.com,8247740826,07/10/2020,inactive
102,LANI WATI,lani9743@yahoo.com,8845747394,23-07-22,active
103,buDi purnama,budi2857@gmail.com,8266970926,22/03/2021,BANNED
104,Sari Santoso,sari378@gmail.com,8418793211,14-03-20,inactive
105,Sari Hidayat,sari9189@gmail.com,8256815735,2020-07-12,banned
106,RATNA WATI,ratna2024@hotmail.com,8253385838,19/01/2020,inactive
107,aguS nasution,agus3221@yahoo.com,8808155412,2020-08-21,banned
108,Ani Hartono,ani1139@gmail.com,8266579781,2021-12-29,active
109,Dedi Hartono,dedi5900@gmail.com,8177354708,21-01-22,actve
110,maya wati,maya8353@yahoo.com,8193161807,26-03-20,active
111,MEGA GUNAWAN,mega5426@yahoo.com,8684078639,30-10-23,active
112,eko hArtono,eko948@gmail.com,8491103317,04-11-20,aktive
113,EKO WIJAYA,eko9308@yahoo.com,8204384698,2023-07-01,inactive
114,Mega Lestari,mega7565@gmail.com,8324090583,18/07/2021,actve
115,guNtur setiawan,guntur8717@yahoo.com,8841217313,29/01/2020,Active
116,hendra leStari,hendra2226@gmail.com,8552726722,29/03/2022,BANNED
117,HENDRA MULYANI,hendra7384@hotmail.com,8655274189,2023-06-30,BANNED
118,lani basuKi,mega5426@yahoo.com,8163624089,17-04-23,aktive
119,Putri Wijaya,putri2204@gmail.com,8263961094,2020-03-17,BANNED
120,AGUS PRATAMA,agus5973@yahoo.com,8131585722,13/10/2020,in-active
121,Ani Gunawan,ani1872@gmail.com,8614553715,05-12-22,aktive
122,dedi kusuma,dedi6129@hotmail.com,8769208927,06-07-21,in-active
123,guntur sireGar,guntur323@hotmail.com,8264685455,19/08/2023,active
124,meGa wati,mega9268@gmail.com,8498521150,14-01-20,active
125,rian Basuki,rian1324@gmail.com,8488847192,2023-12-19,BANNED
126,rian Saputra,rian6868@yahoo.com,8732158929,2021-12-05,aktive
127,ratna basuki,ratna9473@gmail.com,8938653610,30-07-20,inactive
128,Sari Saputra,sari5960@hotmail.com,8396390859,01-09-22,aktive
129,Dedi Purnama,dedi271@hotmail.com,8481650700,09/10/2022,active
130,Mega Utami,mega6603@gmail.com,8895676568,17/11/2023,INACTIVE
131,hendra hartono,hendra4471@hotmail.com,8372840438,17-10-23,actve
132,indaH hartono,indah1277@hotmail.com,8342251136,07-06-20,INACTIVE
133,eko mulyani,eko1834@yahoo.com,8401297477,20/05/2020,INACTIVE
134,SITI SARI,siti7940@yahoo.com,8786548531,2022-09-01,inactive
135,Siti Kusuma,siti736@yahoo.com,8135567777,2020-03-28,BANNED
136,siti basuki,siti8581@gmail.com,8917103900,13-09-22,INACTIVE
137,Dewi Santoso,dewi6718@yahoo.com,8566488329,01/08/2021,INACTIVE
138,maya lestari,maya1514@hotmail.com,8772054166,02/04/2021,active
139,ani kusuma,ani6734@gmail.com,8834924386,2022-04-16,banned
140,ani lestarI,ani2683@hotmail.com,8361585257,15-12-22,INACTIVE
141,Hendra Gunawan,hendra1749@gmail.com,8865125560,2021-11-28,INACTIVE
142,GUNTUR LESTARI,guntur7720@yahoo.com,8181528738,26/05/2023,BANNED
143,ANI SAPUTRA,ani5392@yahoo.com,8942730003,08/07/2022,BANNED
144,sari wijaya,sari3360@hotmail.com,8354814032,24-12-20,INACTIVE
145,MAYA SANTOSO,maya22@yahoo.com,8785709537,2021-02-04,in-active
146,aNi santoso,ani20@yahoo.com,8446400859,24/04/2021,aktive
147,BUDI WIJAYA,budi9387@yahoo.com,8718428325,25-02-23,BANNED
148,Hendra Santoso,hendra6144@gmail.com,8119735089,05-12-22,Active
149,rian sari,rian2217@yahoo.com,8517406562,05/06/2023,banned
150,buDi gunawan,budi2534@hotmail.com,8169379524,06/07/2021,actve
151,Bambang Fauzi,bambang5027@hotmail.com,8183785128,2020-04-06,INACTIVE
152,Ratna Hidayat,ratna5782@yahoo.com,8855236924,2020-05-18,INACTIVE
153,Indah Wijaya,indah1759@yahoo.com,8608951933,02/03/2022,aktive
154,budi purnama,budi5052@yahoo.com,8776183530,29/05/2022,INACTIVE
155,LANI SIREGAR,lani5352@gmail.com,8706715202,2021-10-01,actve
156,Sari Purnama,sari7475@hotmail.com,8134559626,2023-08-16,in-active
157,Hendra Kusuma,hendra1039@gmail.com,8393150594,04/06/2023,in-active
158,ratna hidayat,ratna4586@yahoo.com,8574928012,19-10-20,BANNED
159,ADIT GUNAWAN,adit1005@gmail.com,8814433033,17/04/2021,inactive
160,Putri Mulyani,putri6978@yahoo.com,8722997463,23-03-23,INACTIVE
161,maya purnama,maya235@yahoo.com,8714011799,05-08-21,in-active
162,rian hiDayat,rian1352@gmail.com,8128219146,09-08-21,aktive
163,RIAN SAPUTRA,rian7999@yahoo.com,8773183209,18/10/2022,Active
164,joko fauzi,joko6700@gmail.com,8504908063,2022-06-16,BANNED
165,adit wijaya,adit3677@gmail.com,8836525077,27/10/2023,Active
166,dewi sIregar,dewi5011@yahoo.com,8789935662,21/12/2020,aktive
167,Mega Siregar,mega4589@hotmail.com,8555005252,07/12/2020,Active
168,mega hartono,mega9717@gmail.com,8794794908,2022-12-02,inactive
169,Siti Ramadhan,siti5279@hotmail.com,8897622708,2022-07-01,aktive
170,dewi santoso,dewi8017@yahoo.com,8806401004,17/03/2023,BANNED
171,DEWI PURNAMA,dewi876@hotmail.com,8707601579,2022-03-11,BANNED
172,Adit Gunawan,adit2422@gmail.com,8345723792,2023-08-08,BANNED
173,bambang sapuTra,bambang565@gmail.com,8975810641,2020-12-12,inactive
174,Lani Saputra,lani7058@yahoo.com,8814141839,2022-11-19,in-active
175,Hendra Saputra,hendra2470@gmail.com,8474560040,04/03/2020,BANNED
176,joko pUrnama,joko4456@hotmail.com,8578582367,2023-10-02,actve
177,Maya Basuki,maya54@hotmail.com,8729523380,2021-10-16,BANNED
178,maya purnama,maya3327@hotmail.com,8868871569,11-08-20,BANNED
179,sari wijAya,sari733@hotmail.com,8967927050,2023-02-04,active
180,ani hidayat,ani2146@yahoo.com,8621923767,2023-12-22,aktive
181,putri ramadhan,putri1123@gmail.com,8891609453,10-09-22,BANNED
182,ani pUrnama,ani4520@hotmail.com,8766742846,15-02-23,aktive
183,sari wati,sari3059@hotmail.com,8966061816,2022-10-31,Active
184,ani santoso,ani9488@yahoo.com,8277305291,16/04/2022,INACTIVE
185,Bambang Wati,bambang2793@hotmail.com,8399407637,15/10/2021,Active
186,Bambang Basuki,bambang1087@yahoo.com,8578813566,2023-09-29,actve
187,sari sEtiawan,sari8234@gmail.com,8203058661,10-12-20,active
188,budi uTami,budi6788@yahoo.com,8612929042,27-12-23,in-active
189,Maya Sari,maya4614@yahoo.com,8431595789,2021-09-08,banned
190,Guntur Kusuma,guntur5163@hotmail.com,8876456742,2022-02-21,INACTIVE
191,Siti Basuki,siti2008@yahoo.com,8901536433,31/12/2023,INACTIVE
192,Putri Purnama,putri8217@hotmail.com,8789420365,30/01/2022,BANNED
193,maya mulYani,ani1872@gmail.com,8129546639,14/09/2023,BANNED
194,dewi Gunawan,dewi7781@hotmail.com,8854022653,02/05/2022,banned
195,Lani Siregar,lani6739@gmail.com,8453632463,10-12-21,banned
196,SITI GUNAWAN,siti1127@gmail.com,8187579001,15-01-22,in-active
197,Bambang Purnama,bambang3092@yahoo.com,8527964289,30/11/2022,BANNED
198,adit fauzi,adit336@yahoo.com,8621705585,30/06/2021,INACTIVE
199,riAn ramadhan,rian286@gmail.com,8899886145,2021-08-09,BANNED
200,ani siregar,ani6682@hotmail.com,8526065231,26/08/2020,INACTIVE
201,Maya Kusuma,maya1114@yahoo.com,8225967282,09/05/2020,INACTIVE
202,Guntur Setiawan,guntur6555@hotmail.com,8856427045,15/05/2021,in-active
203,Ani Hidayat,ani394@hotmail.com,8989983412,02/07/2021,in-active
204,Dewi Wati,dewi1993@yahoo.com,8129288210,04-12-20,in-active
205,Guntur Kusuma,guntur3638@yahoo.com,8711962603,10-10-22,actve
206,maya sari,maya9914@hotmail.com,8662953654,03/01/2022,INACTIVE
207,Dedi Hidayat,dedi9676@gmail.com,8687837297,2021-08-15,aktive
208,Guntur Nasution,guntur3913@hotmail.com,8557148341,16-05-20,actve
209,Dedi Siregar,dedi6173@yahoo.com,8482706437,2022-07-31,BANNED
210,lani purnama,hendra6144@gmail.com,8472549633,2022-08-20,in-active
211,Ani Nasution,ani4561@yahoo.com,8177937826,17/12/2020,actve
212,ani siregar,ani1823@gmail.com,8468436274,2021-02-19,in-active
213,ratna hartono,ratna6656@gmail.com,8766417771,01-03-20,aktive
214,budi kuSuma,budi1592@hotmail.com,8743076982,25/08/2020,actve
215,EKO SANTOSO,eko8467@yahoo.com,8991608637,13/12/2022,actve
216,eko nasutiOn,eko2341@yahoo.com,8519207612,2022-03-26,actve
217,Joko Hartono,joko4554@hotmail.com,8187819266,22/06/2023,active
218,Joko Gunawan,joko8924@gmail.com,8899938951,2023-03-09,actve
219,joko wijaya,joko1699@hotmail.com,8138822613,03-09-20,BANNED
220,BAMBANG BASUKI,bambang8871@gmail.com,8396988584,02-11-21,inactive
221,Hendra Setiawan,hendra8501@yahoo.com,8492500733,2022-09-24,banned
222,MEGA BASUKI,mega7813@gmail.com,8717251033,2020-12-12,in-active
223,Sari Setiawan,sari201@gmail.com,8561501086,26/10/2020,Active
224,PUTRI GUNAWAN,putri8939@gmail.com,8435488982,04-04-22,banned
225,Dedi Hidayat,dedi7322@gmail.com,8277400799,05-04-20,inactive
226,Ratna Purnama,ratna7259@hotmail.com,8316517684,04/01/2021,active
227,siti puRnama,siti1592@gmail.com,8658914351,13/01/2023,actve
228,Adit Purnama,adit5530@gmail.com,8436151269,2020-07-23,aktive
229,ANI RAMADHAN,ani4992@gmail.com,8402293809,03-01-20,in-active
230,budi utami,budi9409@hotmail.com,8306186219,17/09/2023,actve
231,putri wati,putri6946@yahoo.com,8885533023,07-06-21,inactive
232,Ani Wati,ani7094@gmail.com,8125986675,24-10-20,BANNED
233,sari wAti,sari3791@yahoo.com,8464267013,15-06-21,inactive
234,Bambang Wijaya,bambang8781@yahoo.com,8692870620,30/07/2020,banned
235,dewi nasution,dewi8855@gmail.com,8697868498,2023-01-19,active
236,Adit Basuki,adit4407@hotmail.com,8507612758,04/09/2021,inactive
237,guntur ramadhan,joko5701@hotmail.com,8225189702,2021-06-17,active
238,Indah Nasution,indah872@gmail.com,8457698260,05-02-20,BANNED
239,Dewi Lestari,dewi8302@yahoo.com,8394916849,09-06-22,in-active
240,Ratna Hartono,ratna4193@yahoo.com,8904306073,03-03-22,aktive
241,sari wijaya,sari728@gmail.com,8715878001,2020-11-11,in-active
242,riaN pratama,rian6576@gmail.com,8886292442,31-08-22,in-active
243,Putri Siregar,putri209@hotmail.com,8972857242,2023-10-02,Active
244,Dedi Setiawan,dedi4739@yahoo.com,8885559469,10-03-22,actve
245,dedi gunawan,dedi3197@gmail.com,8583397813,06-06-20,Active
246,Eko Saputra,eko2819@yahoo.com,8553310562,17-02-22,actve
247,SITI PURNAMA,siti6047@yahoo.com,8313748378,26-04-23,inactive
248,maya ramadhan,maya168@hotmail.com,8563224497,13-10-23,active
249,mega fauzI,mega3452@gmail.com,8609576370,04-06-22,in-active
250,Siti Setiawan,siti4630@hotmail.com,8203486351,2023-10-19,active
251,Putri Kusuma,putri3216@yahoo.com,8556045807,06/01/2022,Active
252,Lani Nasution,lani672@gmail.com,8912704424,29/02/2020,banned
253,Guntur Utami,guntur6011@hotmail.com,8951699286,13-10-22,aktive
254,sari wati,sari1710@yahoo.com,8837920536,2023-10-21,BANNED
255,putri pratAma,putri9912@hotmail.com,8862834374,29/03/2020,aktive
256,INDAH PRATAMA,indah3599@hotmail.com,8968714682,13/11/2020,in-active
257,Lani Santoso,lani3395@hotmail.com,8887931291,2022-11-15,in-active
258,BUDI PRATAMA,budi7902@yahoo.com,8735083540,23/12/2023,Active
259,ani wati,ani928@gmail.com,8426587384,2021-12-29,banned
260,GUNTUR PRATAMA,guntur985@yahoo.com,8503630980,2020-04-02,in-active
261,HENDRA UTAMI,hendra4091@hotmail.com,8353245681,08-06-21,INACTIVE
262,INDAH WATI,indah1169@hotmail.com,8856418854,17-01-22,BANNED
263,Adit Pratama,adit2911@gmail.com,8127656437,2023-12-30,BANNED
264,Bambang Basuki,bambang1250@yahoo.com,8753114883,01/08/2022,INACTIVE
265,dewi hidAyat,dewi2538@yahoo.com,8509268103,2021-10-23,Active
266,Hendra Siregar,hendra6260@gmail.com,8616239583,2023-03-10,inactive
267,Eko Saputra,eko616@hotmail.com,8699675308,30/08/2020,BANNED
268,RATNA SARI,ratna7547@hotmail.com,8817987096,2022-07-02,inactive
269,MEGA WIJAYA,mega6119@gmail.com,8663291525,06-11-20,Active
270,Adit Fauzi,adit5112@yahoo.com,8646748876,06-11-22,Active
271,Dedi Mulyani,dedi8007@hotmail.com,8327373051,06-06-23,active
272,EKO WIJAYA,eko9973@yahoo.com,8901759407,22/02/2023,active
273,lani nasution,lani4412@yahoo.com,8756983852,09-01-21,banned
274,indah wijaya,indah707@gmail.com,8405632089,2023-07-07,active
275,adit harTono,adit4547@hotmail.com,8461889612,2020-12-06,INACTIVE
276,Agus Hartono,agus4568@yahoo.com,8331320450,2021-02-24,in-active
277,Dewi Hartono,dewi2609@yahoo.com,8532050944,18-08-23,BANNED
278,Dedi Kusuma,dedi6543@hotmail.com,8213318816,16/01/2022,actve
279,guntur gunawan,guntur4568@gmail.com,8497470466,20/01/2021,Active
280,BAMBANG GUNAWAN,bambang8429@yahoo.com,8858790361,2022-01-14,active
281,joko hidayAt,joko8960@yahoo.com,8375483307,18/04/2021,inactive
282,eko fauzi,eko8996@yahoo.com,8831066154,2020-10-22,active
283,Hendra Mulyani,hendra5125@hotmail.com,8993818467,09-02-22,actve
284,ani hidayat,ani9911@hotmail.com,8738537355,2023-08-11,actve
285,budi utAmi,budi4056@hotmail.com,8867338572,2020-11-08,INACTIVE
286,Indah Setiawan,indah7231@yahoo.com,8539307776,30-03-22,active
287,Dewi Mulyani,dewi2656@hotmail.com,8211010796,16/07/2023,BANNED
288,lani gunawan,lani6733@yahoo.com,8628767585,05/11/2022,INACTIVE
289,maya wiJaya,maya4272@hotmail.com,8373379750,18-01-23,inactive
290,Rian Hartono,rian5430@yahoo.com,8155555709,2021-07-24,INACTIVE
291,LANI UTAMI,lani2627@gmail.com,8709660114,2022-03-01,inactive
292,agus utami,agus909@hotmail.com,8515507449,2021-05-23,aktive
293,Guntur Sari,guntur5956@yahoo.com,8221547359,2020-04-12,aktive
294,ratna hartono,ratna7663@yahoo.com,8976306904,14/02/2020,INACTIVE
295,ANI SAPUTRA,ani5453@gmail.com,8157059420,2023-11-24,active
296,Eko Setiawan,eko1175@hotmail.com,8252692906,07/04/2021,actve
297,BUDI SETIAWAN,budi7745@hotmail.com,8491730787,26-01-22,BANNED
298,agus hidayat,agus9815@yahoo.com,8152634500,2020-09-28,in-active
299,hendra saPutra,hendra9684@yahoo.com,8173383593,03/09/2021,active
300,mega ramadhan,mega8706@yahoo.com,8196386046,29/05/2021,active
301,siti fauzi,hendra1039@gmail.com,8126468461,2020-08-25,inactive
302,HENDRA KUSUMA,hendra2084@gmail.com,8874750597,2021-07-22,Active
303,ratna siregar,ratna5297@hotmail.com,8278417872,17/06/2022,BANNED
304,rian saputra,rian1130@gmail.com,8698689810,2023-11-03,actve
305,Putri Purnama,lani2627@gmail.com,8831455692,26-10-23,BANNED
306,maya Setiawan,maya6410@yahoo.com,8401508676,21/09/2020,active
307,Putri Hidayat,putri5253@hotmail.com,8176315347,30-05-20,BANNED
308,ratna fauZi,ratna6518@gmail.com,8718421452,05/05/2020,in-active
309,Ani Pratama,ani8186@hotmail.com,8122728495,2020-04-12,in-active
310,Guntur Siregar,guntur1815@yahoo.com,8548409243,04-12-20,active
311,maya utami,sari7475@hotmail.com,8461931245,2022-02-23,banned
312,budi hartono,budi7783@hotmail.com,8777178130,2021-10-23,BANNED
313,budi guNawan,budi9183@hotmail.com,8468130644,24/01/2020,Active
314,Lani Fauzi,eko8584@hotmail.com,8942498043,2023-06-09,in-active
315,SITI MULYANI,siti1938@gmail.com,8121370619,2023-12-07,BANNED
316,HENDRA LESTARI,hendra9187@yahoo.com,8488590361,2020-09-24,inactive
317,Guntur Basuki,guntur4308@hotmail.com,8985447439,2021-10-16,active
318,sari ramadhan,sari5315@gmail.com,8831818238,21-07-22,actve
319,Dedi Saputra,dedi7100@gmail.com,8563913978,08-05-22,inactive
320,Sari Saputra,sari5853@gmail.com,8766921391,13-12-21,inactive
321,Dedi Wijaya,dedi2471@gmail.com,8784215952,2021-04-08,BANNED
322,budi purnama,budi491@hotmail.com,8988979421,24/10/2021,aktive
323,indah Utami,indah361@gmail.com,8989186097,2021-01-05,in-active
324,Guntur Gunawan,guntur5748@hotmail.com,8423623911,04-03-20,in-active
325,Maya Mulyani,maya4553@gmail.com,8325572208,2023-05-10,banned
326,RIAN UTAMI,rian5892@gmail.com,8919563124,11/08/2022,Active
327,ratna nasution,ratna1562@gmail.com,8738787789,14/09/2023,actve
328,Dewi Sari,dewi7689@yahoo.com,8852327348,29/04/2021,actve
329,Putri Kusuma,putri3670@hotmail.com,8503604997,03-07-21,actve
330,riAn sari,rian5319@hotmail.com,8508043118,03-04-20,actve
331,Dewi Lestari,dewi7423@hotmail.com,8612833509,09-10-21,active
332,ratna sari,ratna4410@gmail.com,8131075025,14/11/2022,banned
333,Joko Lestari,joko9354@yahoo.com,8179496732,08/07/2021,INACTIVE
334,Mega Hidayat,mega5488@hotmail.com,8981053429,2022-11-23,active
335,Bambang Mulyani,bambang7260@gmail.com,8268799417,2020-02-24,in-active
336,DEWI HARTONO,dewi3764@yahoo.com,8811024865,12/02/2020,banned
337,DEDI UTAMI,dedi565@gmail.com,8996368846,12/05/2023,in-active
338,guntur hidayat,guntur9864@gmail.com,8562768414,2021-06-11,in-active
339,budi lestari,budi9571@gmail.com,8982360180,20/05/2021,INACTIVE
340,Agus Purnama,agus7482@yahoo.com,8656234009,04-04-23,actve
341,guntur sapUtra,guntur1825@yahoo.com,8358071091,03-04-21,in-active
342,Eko Pratama,eko6726@gmail.com,8784667449,14-08-22,INACTIVE
343,Adit Hidayat,adit3270@yahoo.com,8917678511,15-06-21,BANNED
344,rian pUrnama,rian2850@yahoo.com,8316754726,2023-09-07,active
345,Lani Gunawan,lani2219@yahoo.com,8251710282,2021-02-22,banned
346,lani hArtono,lani4109@yahoo.com,8182307931,2022-09-16,banned
347,Budi Lestari,budi630@yahoo.com,8569507356,14/09/2023,Active
348,RIAN SETIAWAN,rian107@gmail.com,8471961136,2023-03-11,aktive
349,Eko Purnama,eko7668@hotmail.com,8681763030,18-04-21,INACTIVE
350,Hendra Basuki,hendra8588@yahoo.com,8236382529,31/03/2023,Active
351,Guntur Utami,guntur9498@hotmail.com,8554748387,12-01-22,aktive
352,Joko Fauzi,joko4474@hotmail.com,8292236880,2022-01-20,aktive
353,Maya Ramadhan,maya6563@hotmail.com,8585727507,2020-09-11,in-active
354,BAMBANG SAPUTRA,bambang5541@hotmail.com,8128489828,14-11-20,BANNED
355,SARI MULYANI,sari8004@gmail.com,8289459560,2020-01-07,INACTIVE
356,ADIT SANTOSO,adit4265@hotmail.com,8515406935,30-11-20,inactive
357,heNdra kusuma,hendra8531@gmail.com,8635494134,2022-11-06,BANNED
358,Guntur Mulyani,guntur4070@gmail.com,8892659410,27/03/2022,in-active
359,sari nasutIon,sari6248@yahoo.com,8492850664,2023-01-23,Active
360,indah gunAwan,indah1759@gmail.com,8443948925,2020-12-06,Active
361,mega lestari,mega4734@yahoo.com,8655404395,2020-08-11,actve
362,Maya Wijaya,budi2857@gmail.com,8592713399,17-11-23,active
363,Hendra Mulyani,hendra9985@gmail.com,8925953694,2020-10-11,aktive
364,Guntur Kusuma,guntur2805@hotmail.com,8671044831,31-05-22,aktive
365,Bambang Wijaya,bambang9136@yahoo.com,8906356233,01/05/2023,INACTIVE
366,Putri Siregar,putri2100@yahoo.com,8586359722,2021-07-04,banned
367,Putri Hidayat,putri3728@gmail.com,8605866466,2022-01-30,inactive
368,RIAN HIDAYAT,rian8842@gmail.com,8537501460,28-11-20,banned
369,putri gunawan,putri7407@hotmail.com,8182024541,13-02-20,banned
370,Dedi Wati,dedi1515@hotmail.com,8693509933,06-10-21,banned
371,Ani Ramadhan,ani5552@hotmail.com,8207018454,2023-07-21,actve
372,jOko saputra,joko5853@gmail.com,8852142887,05-01-21,aktive
373,Guntur Purnama,guntur68@hotmail.com,8787163162,2023-12-05,in-active
374,budi sari,budi5856@hotmail.com,8956458782,12-04-21,Active
375,Putri Saputra,putri8734@hotmail.com,8215121231,2021-09-11,banned
376,SITI PRATAMA,siti2719@gmail.com,8474077940,30/05/2023,INACTIVE
377,Bambang Lestari,bambang2512@gmail.com,8655179856,28-11-22,actve
378,dedi wati,dedi2305@yahoo.com,8789629065,10-11-22,BANNED
379,Putri Hidayat,putri7375@hotmail.com,8132418891,12/03/2020,aktive
380,INDAH SANTOSO,indah1577@yahoo.com,8354891148,01/10/2022,BANNED
381,maya wijaya,maya354@gmail.com,8992712219,30/03/2021,in-active
382,Joko Santoso,joko5410@gmail.com,8828249713,2020-08-16,INACTIVE
383,rian sari,rian3395@hotmail.com,8209176400,2021-03-26,INACTIVE
384,sari hartono,sari433@yahoo.com,8922325671,25/11/2022,Active
385,mega mulyani,mega8523@yahoo.com,8625596417,2023-10-17,banned
386,Ani Saputra,ani5264@hotmail.com,8119604417,25-07-22,in-active
387,RIAN NASUTION,rian1457@yahoo.com,8311363183,2022-12-07,in-active
388,eko mulyani,rian1352@gmail.com,8527117525,23/02/2023,in-active
389,adit nasution,adit4180@yahoo.com,8726462532,06-12-23,aktive
390,Eko Ramadhan,eko4863@gmail.com,8881463972,07-09-23,Active
391,Lani Utami,lani4596@gmail.com,8514496124,2021-10-08,active
392,Ratna Hidayat,ratna9795@gmail.com,8914767432,13-11-20,BANNED
393,Sari Utami,dedi1515@hotmail.com,8705844564,2021-04-05,BANNED
394,SITI SAPUTRA,ratna83@gmail.com,8266147228,26-01-21,INACTIVE
395,JOKO HARTONO,joko8016@gmail.com,8336494440,2022-05-19,BANNED
396,rian sAputra,rian2451@gmail.com,8764496698,04/01/2023,aktive
397,ratna setiawan,ratna273@yahoo.com,8667310234,22/01/2021,banned
398,sari sari,sari4566@yahoo.com,8974038289,2020-11-05,INACTIVE
399,budi gunawan,budi611@gmail.com,8356971685,12/04/2020,Active
400,putri purNama,putri2449@gmail.com,8291574849,23-08-23,actve
401,SITI SIREGAR,siti1454@hotmail.com,8526244943,16/02/2021,banned
402,Hendra Gunawan,dewi5011@yahoo.com,8466106115,31-05-21,aktive
403,putri sapuTra,putri2312@hotmail.com,8772399331,30-12-20,INACTIVE
404,Mega Mulyani,mega5633@yahoo.com,8305299573,06/03/2021,banned
405,Adit Wati,adit2838@yahoo.com,8178014644,09/05/2023,active
406,Bambang Saputra,bambang4079@hotmail.com,8938833114,2020-03-15,BANNED
407,Budi Purnama,budi2507@yahoo.com,8798935852,13/05/2020,BANNED
408,putri pratama,putri6267@gmail.com,8268044678,10/07/2020,in-active
409,Adit Fauzi,adit1691@hotmail.com,8573631824,2020-07-22,inactive
410,Guntur Purnama,guntur6350@hotmail.com,8759836588,07-02-21,active
411,Sari Setiawan,sari9352@gmail.com,8546522692,14-09-21,BANNED
412,adit pratamA,indah707@gmail.com,8843400172,12/12/2023,actve
413,hendRa purnama,hendra3541@gmail.com,8599421402,24/03/2021,active
414,guntur sari,guntur379@gmail.com,8955930455,25-06-23,in-active
415,Eko Pratama,eko1951@hotmail.com,8631187219,2020-11-18,banned
416,Budi Pratama,budi7302@hotmail.com,8678467394,06/01/2023,in-active
417,Adit Utami,adit6189@hotmail.com,8354580617,2023-07-26,INACTIVE
418,Joko Kusuma,joko6462@hotmail.com,8554207238,25/08/2021,INACTIVE
419,joko hidayat,joko4481@yahoo.com,8608890029,25-03-23,active
420,Joko Ramadhan,joko1999@hotmail.com,8421918170,04/05/2021,Active
421,Indah Wati,indah603@hotmail.com,8724284723,2023-03-07,INACTIVE
422,eko pratAma,eko6477@hotmail.com,8736464714,2022-09-12,inactive
423,putri siregar,putri701@gmail.com,8816343698,2021-06-06,actve
424,Lani Nasution,lani7842@hotmail.com,8212450929,10/07/2023,BANNED
425,DEDI SARI,dedi7378@yahoo.com,8448287899,2020-09-29,INACTIVE
426,Adit Utami,adit7224@hotmail.com,8868589671,25-09-20,BANNED
427,EKO KUSUMA,eko93@yahoo.com,8724337241,29-11-20,aktive
428,Eko Fauzi,eko5136@yahoo.com,8263476367,02-05-23,actve
429,bambang utaMi,bambang5744@hotmail.com,8845260868,24-07-20,in-active
430,Siti Hidayat,siti8191@hotmail.com,8806172652,21/05/2023,in-active
431,putri santoso,putri8271@hotmail.com,8749065182,12-07-21,inactive
432,BAMBANG WIJAYA,bambang4693@hotmail.com,8379926630,12/05/2022,inactive
433,indah nasution,indah2437@gmail.com,8696049510,26/04/2023,Active
434,lani wati,lani1806@gmail.com,8946984267,14/12/2023,in-active
435,sari saputra,sari7955@hotmail.com,8131306326,08-09-20,Active
436,BAMBANG RAMADHAN,bambang83@gmail.com,8533870981,07/09/2020,BANNED
437,Budi Siregar,budi8253@hotmail.com,8964466554,14/10/2021,active
438,gUntur setiawan,guntur6657@yahoo.com,8974590263,29-12-22,inactive
439,Dedi Pratama,dedi57@yahoo.com,8586223597,18-12-23,aktive
440,guntur gunawan,sari201@gmail.com,8355344229,08-12-21,banned
441,mega fauzi,mega8319@yahoo.com,8144645800,2020-12-31,aktive
442,ratna ramadHan,ratna9507@hotmail.com,8801684786,03/07/2023,banned
443,Budi Pratama,budi9818@gmail.com,8711873187,09-12-20,active
444,Dewi Wijaya,dewi1046@gmail.com,8271280651,23-12-23,BANNED
445,Siti Setiawan,siti3266@hotmail.com,8778573276,17-03-23,BANNED
446,maya Sari,maya9028@hotmail.com,8996592489,11-09-22,actve
447,dedi sari,dedi2888@yahoo.com,8794893051,2021-06-21,BANNED
448,BUDI MULYANI,budi5334@gmail.com,8756294594,2020-07-21,banned
449,joko wati,joko2429@gmail.com,8625907287,07/03/2020,BANNED
450,Ani Mulyani,ani8738@hotmail.com,8189158740,01-01-24,actve
451,Agus Nasution,agus4928@hotmail.com,8323019962,01-10-21,Active
452,eko wijaya,eko2290@hotmail.com,8202946966,21-09-23,inactive
453,ANI MULYANI,ani9946@yahoo.com,8392621664,2023-06-19,in-active
454,indah wati,indah8828@gmail.com,8584377512,23/05/2023,in-active
455,guntur purnama,guntur7585@hotmail.com,8184201642,07/06/2021,aktive
456,ratna Wijaya,ratna8214@hotmail.com,8686692913,09-04-23,INACTIVE
457,maya mulyani,maya6645@yahoo.com,8865742663,2023-01-15,BANNED
458,sari leStari,sari1582@yahoo.com,8399536591,2023-05-16,in-active
459,gunTur mulyani,guntur4327@gmail.com,8423214706,2020-10-22,Active
460,MEGA SAPUTRA,mega2753@hotmail.com,8667002051,16/12/2022,inactive
461,Dewi Wati,dewi8022@hotmail.com,8177272890,12-05-22,active
462,maya ramadhaN,maya6959@gmail.com,8903984565,14-11-23,inactive
463,deDi basuki,dedi3478@hotmail.com,8803426129,30/04/2023,inactive
464,adit Purnama,adit7346@gmail.com,8189303543,2021-04-30,Active
465,mega lestari,mega7545@yahoo.com,8366806201,01/01/2023,Active
466,MAYA SETIAWAN,maya5796@yahoo.com,8424949248,2023-01-30,BANNED
467,Dewi Wati,dewi3514@hotmail.com,8226328217,28-02-20,banned
468,Siti Nasution,siti7954@yahoo.com,8778125383,13/02/2021,Active
469,ratna harTono,ratna1848@hotmail.com,8305038927,17/01/2021,aktive
470,agUs wijaya,agus4756@yahoo.com,8181815335,20/03/2023,INACTIVE
471,Budi Basuki,budi4244@gmail.com,8388458051,22-10-21,INACTIVE
472,Indah Santoso,indah9845@hotmail.com,8855958297,2021-01-06,actve
473,putri kusuma,putri2237@hotmail.com,8151213653,12-07-23,INACTIVE
474,MEGA PRATAMA,mega8147@gmail.com,8454368232,03/03/2020,banned
475,Agus Setiawan,agus1222@gmail.com,8795632281,2021-03-10,actve
476,JOKO SAPUTRA,joko4861@yahoo.com,8664894450,30-07-22,banned
477,Ratna Hartono,ratna8257@gmail.com,8508464690,2023-12-04,INACTIVE
478,joKo hidayat,joko5801@hotmail.com,8549945987,2022-04-23,INACTIVE
479,adit sari,adit408@yahoo.com,8321109777,30/12/2023,in-active
480,INDAH LESTARI,indah3858@yahoo.com,8203854249,2023-09-16,inactive
481,anI siregar,ani7479@gmail.com,8863743829,2023-06-27,in-active
482,Siti Gunawan,siti3213@yahoo.com,8394031832,24-08-21,active
483,budI kusuma,budi7185@gmail.com,8595021018,21-02-23,aktive
484,Joko Nasution,joko1191@yahoo.com,8389943630,14-09-21,actve
485,Guntur Wijaya,guntur5916@hotmail.com,8439803244,03/07/2023,aktive
486,agus mulyanI,agus136@yahoo.com,8854925597,2020-05-23,in-active
487,lani lestari,lani5238@yahoo.com,8526961409,29-01-20,inactive
488,ani wijaya,ani6779@yahoo.com,8258771260,12-01-21,in-active
489,mega hArtono,mega374@gmail.com,8865109188,08/05/2022,active
490,rian wijaya,rian9767@hotmail.com,8423450576,2021-09-05,banned
491,Dewi Lestari,dewi5605@hotmail.com,8344885618,09/05/2023,inactive
492,bUdi basuki,budi7598@yahoo.com,8738480450,08-11-22,inactive
493,ratna setiAwan,ratna9779@hotmail.com,8434898534,29-08-22,BANNED
494,Eko Lestari,ratna9039@gmail.com,8505028085,2022-09-28,inactive
495,Joko Hartono,joko8665@yahoo.com,8796761429,14-03-20,in-active
496,dewi Kusuma,dewi310@yahoo.com,8126171910,29/05/2021,in-active
497,Eko Basuki,eko8407@hotmail.com,8595214907,17/09/2023,Active
498,Bambang Lestari,bambang1470@gmail.com,8457654001,2023-04-26,BANNED
499,sari gunawan,sari2750@yahoo.com,8747454470,2022-12-28,actve
500,rian sari,rian7386@yahoo.com,8156068277,2021-02-12,aktive
501,HENDRA WIJAYA,hendra2325@gmail.com,8539470204,04-03-22,Active
502,mega kusuma,mega6162@hotmail.com,8883492177,06/12/2021,inactive
503,megA wijaya,mega2031@hotmail.com,8116958825,17/06/2022,INACTIVE
504,guntur wati,guntur2003@gmail.com,8223909098,2023-05-10,active
505,LANI LESTARI,lani892@yahoo.com,8906556841,03-06-21,Active
506,Lani Ramadhan,lani5276@yahoo.com,8984241920,2023-11-16,INACTIVE
507,lanI hidayat,lani1209@yahoo.com,8259615412,26/06/2021,actve
508,PUTRI PRATAMA,putri7351@hotmail.com,8942676107,2020-12-28,active
509,indah sAputra,indah6187@hotmail.com,8982081095,2020-06-19,aktive
510,BUDI HARTONO,budi1256@gmail.com,8526115967,14/01/2020,inactive
511,iNdah saputra,indah8164@gmail.com,8403498095,19/03/2021,aktive
512,Dewi Hidayat,dewi5943@yahoo.com,8863697947,2022-01-06,inactive
513,Mega Nasution,mega3700@hotmail.com,8399842559,27/12/2022,Active
514,bambang lestari,bambang2495@yahoo.com,8362995073,2022-04-19,actve
515,Ratna Gunawan,ratna1199@gmail.com,8789577973,11/08/2023,INACTIVE
516,BUDI HARTONO,mega7565@gmail.com,8827025145,25/01/2020,active
517,Lani Nasution,lani2722@gmail.com,8909475103,21-12-21,banned
518,mega basuki,mega8459@hotmail.com,8323006095,28/02/2020,banned
519,lani hartono,lani6029@hotmail.com,8265299608,23-10-23,actve
520,RIAN HARTONO,rian4649@hotmail.com,8405708907,20-04-23,in-active
521,indah ramadhan,indah7137@hotmail.com,8731782356,11-10-22,INACTIVE
522,Eko Sari,eko3502@hotmail.com,8672633089,10/10/2021,banned
523,putri wijaya,putri4628@gmail.com,8934660292,04/11/2020,active
524,Guntur Lestari,guntur3669@gmail.com,8489068149,31/08/2021,inactive
525,Indah Wati,indah8836@hotmail.com,8733950965,11-06-21,actve
526,eko mulyanI,eko8716@gmail.com,8158410334,2020-03-25,Active
527,Agus Sari,agus5211@gmail.com,8878385944,26-12-21,inactive
528,RIAN SIREGAR,rian753@hotmail.com,8534529791,08-08-23,in-active
529,budi purnamA,budi8614@yahoo.com,8528835851,07/04/2021,banned
530,Agus Sari,agus5550@hotmail.com,8556776029,16-04-21,aktive
531,SARI SETIAWAN,sari5362@gmail.com,8601041177,05/08/2021,active
532,BUDI SETIAWAN,budi6913@gmail.com,8478648383,23-04-20,in-active
533,AGUS PURNAMA,agus4631@yahoo.com,8223292294,08/02/2021,BANNED
534,Ratna Wati,ratna6345@hotmail.com,8974223649,02/03/2021,banned
535,mega hartono,mega9120@gmail.com,8902183410,26-04-23,active
536,PUTRI PRATAMA,putri6527@yahoo.com,8669882107,09/12/2023,actve
537,ratna setiawan,ratna4872@hotmail.com,8817452296,18-06-21,in-active
538,Indah Hidayat,indah8747@yahoo.com,8175790153,13/10/2022,aktive
539,HENDRA UTAMI,hendra5431@gmail.com,8718215339,26/07/2023,active
540,RATNA SAPUTRA,ratna1517@hotmail.com,8521284200,09/01/2023,in-active
541,BUDI UTAMI,budi9452@gmail.com,8864839898,01/09/2021,aktive
542,joko sari,joko5979@yahoo.com,8688834031,05/04/2021,aktive
543,Dewi Basuki,dewi5121@gmail.com,8669549119,2021-01-03,banned
544,ani wijaya,ani5580@yahoo.com,8875380173,2023-10-04,in-active
545,ADIT LESTARI,adit4041@hotmail.com,8788638169,2022-09-23,actve
546,Lani Nasution,lani4586@gmail.com,8713549197,25-03-20,aktive
547,sari pratama,sari1653@yahoo.com,8149610747,06-10-23,banned
548,Ratna Pratama,rian1324@gmail.com,8464537983,2020-03-03,actve
549,BUDI SARI,budi2239@gmail.com,8722050488,22-08-23,inactive
550,ratna setiawan,ratna8150@hotmail.com,8399690708,31/05/2020,Active
551,ani purnama,ani4016@hotmail.com,8485708956,08/07/2022,actve
552,Siti Fauzi,siti6720@gmail.com,8811402624,2021-04-10,aktive
553,Ani Lestari,ani5506@hotmail.com,8142769768,30/08/2020,Active
554,rian faUzi,rian9702@hotmail.com,8925075215,2022-07-10,actve
555,Lani Mulyani,lani4721@yahoo.com,8797397301,2023-05-16,banned
556,Maya Saputra,maya911@hotmail.com,8815282567,2021-05-27,Active
557,Joko Basuki,joko920@yahoo.com,8775546526,03-08-23,in-active
558,lani siregar,lani4865@yahoo.com,8558773037,2021-01-28,INACTIVE
559,Adit Utami,adit2685@yahoo.com,8913500280,2023-05-07,INACTIVE
560,MEGA PURNAMA,mega9246@gmail.com,8517445314,24-11-20,in-active
561,Lani Gunawan,lani8856@hotmail.com,8133617075,2021-01-23,actve
562,deWi mulyani,dewi9278@yahoo.com,8724373465,18/05/2020,BANNED
563,Maya Kusuma,maya7600@yahoo.com,8764142415,2022-11-07,Active
564,Dewi Fauzi,maya6863@gmail.com,8931888239,2022-10-05,active
565,siti fauzi,siti8942@yahoo.com,8329323586,2020-01-23,inactive
566,Budi Wati,budi9152@yahoo.com,8252356671,2020-09-17,actve
567,Guntur Basuki,guntur5527@yahoo.com,8346045030,04/10/2022,Active
568,Mega Santoso,mega1366@gmail.com,8551564914,05-12-20,BANNED
569,ani nasution,ani4308@hotmail.com,8638525754,19-05-22,INACTIVE
570,MEGA SETIAWAN,mega1578@yahoo.com,8632064927,24-09-23,BANNED
571,joko fauzi,joko2273@hotmail.com,8644287167,16/11/2021,active
572,rian basuki,rian8897@yahoo.com,8805415519,28/02/2020,INACTIVE
573,Agus Mulyani,agus832@yahoo.com,8275844610,2020-04-15,BANNED
574,Hendra Purnama,hendra2046@hotmail.com,8819939944,26/05/2020,inactive
575,putRi basuki,putri9339@hotmail.com,8445856125,17-02-20,INACTIVE
576,adit setiaWan,adit2416@hotmail.com,8323409739,15-07-21,actve
577,Mega Utami,mega9260@yahoo.com,8473517993,03-08-23,INACTIVE
578,GUNTUR PURNAMA,guntur7394@yahoo.com,8173430849,09/02/2023,BANNED
579,Sari Gunawan,sari5480@gmail.com,8533178971,2021-01-16,actve
580,Guntur Purnama,guntur2138@hotmail.com,8312584845,18-05-23,BANNED
581,ANI SETIAWAN,ani7624@gmail.com,8443134246,01-10-20,in-active
582,Bambang Setiawan,bambang8262@hotmail.com,8814808367,13/03/2022,BANNED
583,sIti hidayat,siti8806@hotmail.com,8675336597,16/06/2022,actve
584,Ratna Gunawan,ratna3400@gmail.com,8205489501,28/10/2020,actve
585,adit wati,adit516@gmail.com,8345407656,2022-01-26,aktive
586,ratna pratama,ratna9671@hotmail.com,8616115561,28-03-21,aktive
587,Joko Fauzi,joko161@yahoo.com,8112942871,11/08/2023,inactive
588,ratna nasution,ratna3881@gmail.com,8844379028,07-07-20,actve
589,dewi santoso,dewi6194@gmail.com,8158507201,15/04/2020,BANNED
590,indah wijaya,indah141@yahoo.com,8216830501,05-05-22,actve
591,lani purnama,lani6234@yahoo.com,8702702625,07/12/2021,banned
592,sari puRnama,sari3371@hotmail.com,8571067089,18-08-20,actve
593,raTna utami,ratna2983@yahoo.com,8433932045,14/01/2023,active
594,joko hIdayat,joko790@hotmail.com,8361838363,04/08/2022,Active
595,AGUS KUSUMA,agus5513@gmail.com,8896319533,23/04/2023,actve
596,Hendra Gunawan,hendra2808@hotmail.com,8913928900,2021-02-05,aktive
597,EKO SANTOSO,eko9618@hotmail.com,8229403683,27/02/2022,INACTIVE
598,rian basukI,rian3610@yahoo.com,8387965981,08/10/2023,INACTIVE
599,MEGA SETIAWAN,mega1523@gmail.com,8151107610,19-09-21,active
600,Hendra Mulyani,hendra5158@gmail.com,8677605662,11-07-21,inactive
601,indah lestari,indah9768@hotmail.com,8199919234,2021-07-08,INACTIVE
602,dedi mulYani,dedi7332@hotmail.com,8889288194,11-04-20,Active
603,Ratna Saputra,ratna6407@hotmail.com,8273703647,25-10-21,Active
604,Maya Nasution,maya2593@hotmail.com,8792831736,24-02-20,INACTIVE
605,Maya Fauzi,maya1851@hotmail.com,8375762750,11-06-21,inactive
606,Agus Wati,agus6983@gmail.com,8948535785,01-11-21,aktive
607,adit basuki,adit339@hotmail.com,8924559467,01/06/2023,banned
608,Siti Wijaya,siti2680@yahoo.com,8903685045,03-08-21,Active
609,Dedi Santoso,siti3213@yahoo.com,8171430884,14-10-21,in-active
610,Indah Mulyani,indah4182@yahoo.com,8447203548,29/01/2022,actve
611,ADIT KUSUMA,adit3992@gmail.com,8879946492,15/01/2022,banned
612,EKO HIDAYAT,eko9590@hotmail.com,8656326209,13-11-21,actve
613,SITI WIJAYA,siti5812@hotmail.com,8448176691,08-09-22,Active
614,Indah Saputra,indah1450@gmail.com,8645307153,2020-01-28,INACTIVE
615,lani gunawan,lani1088@yahoo.com,8811146240,04/09/2021,in-active
616,MAYA PRATAMA,maya8322@yahoo.com,8654199070,2022-07-31,INACTIVE
617,adit ramadhan,adit9723@hotmail.com,8832473361,05/12/2022,aktive
618,Lani Basuki,lani7107@yahoo.com,8435612984,2022-06-02,banned
619,lani Wijaya,lani6284@hotmail.com,8151582832,2022-09-20,actve
620,eko ramadhan,eko4054@yahoo.com,8509608982,2022-08-13,in-active
621,Ratna Siregar,ratna7528@yahoo.com,8626333392,31/01/2022,INACTIVE
622,Sari Wijaya,sari5171@gmail.com,8508713956,2021-05-13,INACTIVE
623,Eko Santoso,eko7860@gmail.com,8148514224,11/05/2023,actve
624,ratna siregaR,ratna9177@yahoo.com,8571150986,08-09-22,inactive
625,Dedi Kusuma,dedi9405@hotmail.com,8788070232,2023-01-25,aktive
626,PUTRI PRATAMA,putri6342@hotmail.com,8616173278,14-11-20,BANNED
627,Rian Gunawan,rian145@gmail.com,8636649245,16/08/2021,aktive
628,Indah Kusuma,indah3488@yahoo.com,8953728524,2023-12-28,inactive
629,Eko Basuki,eko8028@yahoo.com,8787066737,2020-10-10,inactive
630,SARI FAUZI,sari3379@hotmail.com,8726213700,2022-08-29,actve
631,Guntur Basuki,guntur2919@yahoo.com,8615732880,21-04-23,actve
632,ani hartono,ani1160@gmail.com,8514947199,23/09/2023,Active
633,hendra wijaya,hendra5016@hotmail.com,8587287025,2020-05-10,Active
634,DEWI HARTONO,dewi5169@hotmail.com,8265626962,28/09/2023,actve
635,Ani Setiawan,ani6835@gmail.com,8864008736,16-10-21,actve
636,ANI SETIAWAN,lani6284@hotmail.com,8248981786,29-06-22,INACTIVE
637,Mega Hartono,mega1113@gmail.com,8159867045,06/10/2022,INACTIVE
638,Joko Siregar,joko664@hotmail.com,8647673006,20/03/2020,in-active
639,Guntur Mulyani,guntur2395@hotmail.com,8131621354,2023-03-12,inactive
640,lani wati,lani9798@gmail.com,8233549859,23-10-23,in-active
641,budi hArtono,budi3831@gmail.com,8255085907,2020-08-25,in-active
642,Mega Wati,mega6354@yahoo.com,8429305210,24/11/2022,active
643,putri mulyani,putri7223@hotmail.com,8492781658,2020-04-16,Active
644,Bambang Sari,bambang749@gmail.com,8735517014,05/05/2020,aktive
645,BAMBANG KUSUMA,bambang2827@yahoo.com,8518073571,08-11-23,Active
646,MEGA LESTARI,mega6842@gmail.com,8528001505,12/05/2020,banned
647,dedi mulyanI,dedi7516@hotmail.com,8627451318,03-11-23,active
648,Bambang Wati,bambang4565@gmail.com,8534810338,27-12-20,banned
649,guntur ramadhan,guntur2747@yahoo.com,8939751329,05-06-23,active
650,Siti Pratama,siti802@gmail.com,8548349639,14-08-23,banned
651,ratna setiawan,ratna5048@gmail.com,8454787679,11/11/2022,in-active
652,Mega Wijaya,mega7798@gmail.com,8743949388,31-12-21,in-active
653,putri fauzI,putri2363@gmail.com,8246629510,2020-11-17,actve
654,Hendra Gunawan,hendra1033@yahoo.com,8113959931,31/07/2023,active
655,Rian Gunawan,rian72@hotmail.com,8834911578,26-08-21,active
656,DEDI SARI,dedi6562@hotmail.com,8857774544,27-02-23,inactive
657,MAYA GUNAWAN,maya7875@gmail.com,8435713780,25-12-20,in-active
658,Maya Fauzi,maya5380@yahoo.com,8302848369,2020-06-08,banned
659,Hendra Santoso,hendra8508@yahoo.com,8167728148,05/08/2020,active
660,Mega Ramadhan,mega8313@gmail.com,8682359724,04/12/2022,INACTIVE
661,Agus Lestari,agus3857@yahoo.com,8214302960,13/05/2023,actve
662,GUNTUR SETIAWAN,guntur2727@yahoo.com,8975164081,09/05/2021,INACTIVE
663,Maya Pratama,maya7091@yahoo.com,8405335016,2021-12-15,in-active
664,Ratna Nasution,ratna6726@yahoo.com,8746246171,2023-03-19,banned
665,sari sarI,sari3680@hotmail.com,8978354068,26/12/2023,Active
666,guntur nasutioN,guntur1609@hotmail.com,8397968661,20-07-22,BANNED
667,hendrA basuki,hendra2280@yahoo.com,8724628959,08-06-21,INACTIVE
668,budi kusuma,budi7411@hotmail.com,8836116511,14/05/2022,INACTIVE
669,Ratna Fauzi,ratna9976@yahoo.com,8417638518,22/06/2020,inactive
670,hendra siregar,hendra7328@gmail.com,8557535115,04-05-23,INACTIVE
671,Dedi Pratama,dedi1498@gmail.com,8425905554,13/09/2023,BANNED
672,Siti Setiawan,siti2745@gmail.com,8316667367,09-08-21,BANNED
673,RIAN FAUZI,rian8883@yahoo.com,8331521102,2021-04-04,active
674,Ani Lestari,ani4926@hotmail.com,8411579746,2021-11-13,Active
675,ani hidAyat,ani179@gmail.com,8883158771,2023-07-29,active
676,agus fauzi,agus9738@hotmail.com,8988349452,03/04/2021,inactive
677,Guntur Wati,guntur8132@hotmail.com,8474410407,2022-03-03,in-active
678,BUDI SETIAWAN,budi9463@gmail.com,8635711474,19/01/2023,active
679,RATNA SARI,ratna7746@yahoo.com,8604415097,16-06-22,aktive
680,ani fauZi,ani7315@hotmail.com,8436999156,27/08/2022,in-active
681,ani hartono,ani7251@gmail.com,8798429928,06-02-21,active
682,ADIT NASUTION,adit3721@yahoo.com,8559556054,14/08/2021,actve
683,mega Nasution,mega7169@hotmail.com,8143196933,2020-11-21,active
684,budi santosO,budi7876@yahoo.com,8707087162,10/06/2021,inactive
685,JOKO HIDAYAT,joko435@hotmail.com,8937308321,05-07-23,in-active
686,Joko Hidayat,joko9635@yahoo.com,8637618397,25/09/2020,active
687,guntur purnama,guntur6046@yahoo.com,8341151558,11-12-21,BANNED
688,RIAN HIDAYAT,rian8070@hotmail.com,8196481297,13/08/2020,banned
689,HENDRA PRATAMA,hendra6046@gmail.com,8691953927,2020-10-21,banned
690,SARI MULYANI,sari6284@gmail.com,8873859191,2021-10-27,actve
691,Dewi Pratama,dewi4340@gmail.com,8231065504,28/09/2020,INACTIVE
692,siti saputra,siti4195@gmail.com,8864350016,2020-05-19,BANNED
693,joKo hartono,joko1612@hotmail.com,8806727406,05/08/2021,active
694,SITI PURNAMA,siti8090@gmail.com,8309349432,2021-05-25,actve
695,Sari Hartono,sari179@yahoo.com,8873218348,2021-01-15,actve
696,ani basUki,ani2676@gmail.com,8646594039,2023-11-08,BANNED
697,SITI FAUZI,siti403@gmail.com,8341942287,2023-07-11,in-active
698,inDah lestari,indah7381@yahoo.com,8218025188,31/08/2023,active
699,hendra utAmi,hendra2757@hotmail.com,8623326968,2020-06-27,in-active
700,indah ramadhan,indah8183@hotmail.com,8715089649,31-05-22,banned
701,joko nasution,mega1113@gmail.com,8568636295,14-01-21,BANNED
702,INDAH RAMADHAN,indah7513@yahoo.com,8128711004,21-09-22,banned
703,RATNA HARTONO,ratna5398@gmail.com,8375416478,2020-02-14,aktive
704,guntur ramadhan,guntur1690@hotmail.com,8503998577,10-06-23,INACTIVE
705,ani bAsuki,ani1609@gmail.com,8566071112,2021-08-23,banned
706,EKO FAUZI,eko8218@gmail.com,8475915584,20/02/2020,in-active
707,budi ramadhan,budi2142@hotmail.com,8228854110,21-06-20,actve
708,PUTRI RAMADHAN,putri5276@gmail.com,8668188602,2023-02-24,Active
709,mega lestari,mega9688@gmail.com,8303998399,2021-07-15,aktive
710,siti uTami,siti4851@gmail.com,8118475215,01-10-22,BANNED
711,Dedi Nasution,dedi9402@yahoo.com,8685938616,02-05-23,in-active
712,Maya Utami,maya3197@gmail.com,8402668994,2020-12-26,actve
713,Guntur Hartono,guntur7502@yahoo.com,8946444711,16/05/2021,INACTIVE
714,Rian Pratama,rian8719@gmail.com,8543226209,2021-09-16,in-active
715,budi mulyani,budi5338@hotmail.com,8349014738,21-07-23,in-active
716,BUDI KUSUMA,budi2730@gmail.com,8673597443,09/10/2021,aktive
717,ratna gUnawan,ratna2879@hotmail.com,8662032270,26/03/2020,inactive
718,Maya Utami,maya1236@hotmail.com,8467270798,26-06-20,BANNED
719,Maya Gunawan,maya5745@hotmail.com,8447236212,20-06-21,BANNED
720,Joko Setiawan,dedi2305@yahoo.com,8323823830,2020-01-11,BANNED
721,Guntur Santoso,guntur6883@gmail.com,8528538672,06/03/2021,banned
722,Indah Mulyani,indah9014@gmail.com,8341308345,12-08-23,INACTIVE
723,EKO WIJAYA,eko5104@yahoo.com,8395142115,10-10-23,aktive
724,hendra santoso,hendra376@hotmail.com,8658776861,01-10-20,INACTIVE
725,maya fauzI,maya8062@hotmail.com,8769850888,11/12/2023,active
726,MAYA SARI,maya1765@hotmail.com,8144901539,27/02/2021,actve
727,INDAH FAUZI,indah1041@gmail.com,8903361750,22/05/2022,Active
728,DEWI HARTONO,dewi9377@yahoo.com,8697864103,2021-08-04,banned
729,MEGA MULYANI,mega6833@hotmail.com,8854807290,17/01/2021,banned
730,Guntur Fauzi,guntur6718@hotmail.com,8269321203,2022-09-06,INACTIVE
731,Dewi Hidayat,dewi2706@hotmail.com,8615232342,14-03-23,BANNED
732,ani ramadhan,ani1077@yahoo.com,8709700657,15-03-21,active
733,dewi purnama,dewi6675@hotmail.com,8914888220,2022-09-18,banned
734,Lani Setiawan,lani7480@gmail.com,8889555956,29/09/2023,BANNED
735,PUTRI WIJAYA,putri4754@hotmail.com,8739719648,2023-09-05,BANNED
736,Dewi Gunawan,dewi7636@yahoo.com,8618593810,2023-12-21,aktive
737,hendra nAsution,hendra6830@hotmail.com,8828696676,01/10/2020,INACTIVE
738,ani santoso,indah1169@hotmail.com,8311306582,2021-06-08,active
739,LANI PURNAMA,lani7058@gmail.com,8399458476,24/05/2021,inactive
740,Indah Wijaya,indah4441@gmail.com,8403028623,15/01/2022,in-active
741,ani Basuki,ani898@yahoo.com,8823469701,19/11/2023,Active
742,Putri Saputra,putri8926@yahoo.com,8491600016,2023-06-23,actve
743,Ratna Gunawan,ratna8202@hotmail.com,8224351132,17/09/2022,active
744,bambang setiAwan,bambang6182@gmail.com,8204681181,24-12-21,banned
745,ani basuki,ani2808@yahoo.com,8702884003,30-05-20,BANNED
746,siti ramadhan,siti7991@gmail.com,8357084364,2021-06-10,banned
747,mega wati,mega7102@yahoo.com,8576509769,28-12-22,active
748,sari utami,sari9351@gmail.com,8916752136,05/12/2020,active
749,Maya Hidayat,maya3537@gmail.com,8947115690,04-08-23,Active
750,RIAN MULYANI,rian5688@gmail.com,8461651874,02/06/2021,banned
751,dedi hartono,dedi4183@hotmail.com,8458942636,2021-07-20,Active
752,Bambang Siregar,bambang4092@hotmail.com,8502469072,2022-03-04,banned
753,mega muLyani,mega9625@hotmail.com,8875001284,07/06/2022,inactive
754,MEGA RAMADHAN,mega300@yahoo.com,8586627135,14/02/2020,Active
755,Hendra Lestari,hendra6381@yahoo.com,8563651493,22/06/2020,aktive
756,Dewi Pratama,dewi8042@yahoo.com,8991418369,21-12-23,active
757,RATNA MULYANI,ratna2719@hotmail.com,8772047529,24/12/2023,inactive
758,Eko Purnama,eko8294@gmail.com,8742203590,01-09-23,Active
759,Siti Hartono,siti6193@yahoo.com,8786127336,2023-09-29,inactive
760,eko wati,lani7058@yahoo.com,8341276756,20/09/2023,BANNED
761,Hendra Utami,hendra1098@yahoo.com,8167439072,09-09-21,inactive
762,Rian Santoso,rian2555@hotmail.com,8403328070,18/01/2020,INACTIVE
763,ani siregar,ani2350@gmail.com,8111168564,2022-11-30,INACTIVE
764,Mega Ramadhan,mega5123@hotmail.com,8721594304,10/07/2021,Active
765,agus saPutra,agus2362@hotmail.com,8971846830,2022-12-22,BANNED
766,Siti Purnama,siti9618@gmail.com,8731171438,25/07/2022,aktive
767,Adit Fauzi,adit5048@yahoo.com,8254476072,31-12-20,banned
768,budi basuki,budi3995@gmail.com,8209274902,06-08-23,INACTIVE
769,Maya Santoso,maya1525@gmail.com,8485745201,2021-04-21,INACTIVE
770,ADIT SAPUTRA,adit3243@hotmail.com,8818169302,29-09-23,BANNED
771,Siti Utami,siti4697@hotmail.com,8471792517,2020-06-30,Active
772,dewi hidayat,dewi6026@hotmail.com,8744089936,2022-07-31,actve
773,Ani Wijaya,ani9946@hotmail.com,8943580149,05-12-20,inactive
774,PUTRI PURNAMA,putri3465@gmail.com,8258415949,2021-12-07,in-active
775,rian purnama,rian7615@gmail.com,8509229468,2023-08-09,active
776,deDi basuki,dedi1871@hotmail.com,8279112894,2023-10-29,banned
777,Eko Purnama,eko2445@yahoo.com,8765336885,20/11/2021,Active
778,joko mulyani,joko3623@hotmail.com,8389032750,26-04-22,inactive
779,Eko Siregar,eko4003@yahoo.com,8773512362,02/12/2020,active
780,hendra kusuma,hendra9402@hotmail.com,8901455176,2021-04-29,active
781,maya fauzi,maya5664@yahoo.com,8867352017,01/06/2021,banned
782,DEDI GUNAWAN,dedi2317@yahoo.com,8337536657,18/10/2020,in-active
783,Hendra Siregar,hendra8132@hotmail.com,8458176441,18-03-22,active
784,bambang gunaWan,bambang9483@hotmail.com,8433392142,10/06/2023,active
785,dedi hartono,dedi9041@yahoo.com,8677825020,2023-05-05,INACTIVE
786,Adit Gunawan,adit1905@hotmail.com,8417569190,03-12-21,actve
787,ani baSuki,ani9968@gmail.com,8844759569,06/07/2023,BANNED
788,SITI PURNAMA,siti5540@hotmail.com,8614447227,15/05/2022,actve
789,Eko Mulyani,eko7654@yahoo.com,8491617887,2023-09-27,in-active
790,siti gunaWan,siti2523@yahoo.com,8703554602,02-07-23,active
791,guntur santoSo,guntur6490@yahoo.com,8815168881,15-08-21,in-active
792,Hendra Utami,hendra2141@hotmail.com,8914971737,29/03/2022,active
793,bambaNg ramadhan,bambang99@yahoo.com,8484740374,2021-11-07,in-active
794,dewi saputra,dewi8759@yahoo.com,8827661357,02-08-22,in-active
795,Maya Mulyani,maya5869@gmail.com,8802851692,05/09/2021,actve
796,SITI SANTOSO,siti7703@gmail.com,8239438474,2022-11-01,inactive
797,Guntur Santoso,guntur9573@hotmail.com,8966664685,2021-10-18,banned
798,hendra utaMi,hendra6770@gmail.com,8635874736,23-10-21,inactive
799,Dewi Gunawan,dewi6653@hotmail.com,8258750386,2022-08-19,actve
800,ratna hartono,ratna7188@hotmail.com,8438875666,10-06-22,aktive
801,Indah Purnama,indah7851@gmail.com,8623052865,18/03/2021,actve
802,meGa gunawan,mega9566@hotmail.com,8998645922,28/12/2020,active
803,ADIT HIDAYAT,adit7840@gmail.com,8749070549,2021-06-13,INACTIVE
804,baMbang utami,bambang278@gmail.com,8147531389,2022-12-19,INACTIVE
805,dedi wijaya,dedi3339@yahoo.com,8234940789,02/08/2022,inactive
806,Mega Wijaya,mega6848@gmail.com,8892736010,31-10-23,Active
807,siti saNtoso,siti1211@yahoo.com,8884348300,10-12-23,BANNED
808,puTri hartono,putri8854@hotmail.com,8595290321,30/06/2023,inactive
809,bambang lestari,bambang4973@hotmail.com,8202262886,2023-03-24,INACTIVE
810,dedi saputra,dedi242@hotmail.com,8662151447,19/10/2021,inactive
811,Adit Saputra,adit6007@gmail.com,8946930000,01-10-20,active
812,Bambang Siregar,bambang5156@hotmail.com,8806967891,13-10-22,banned
813,Dedi Saputra,dedi2825@yahoo.com,8114139402,25/01/2020,inactive
814,Sari Hidayat,sari1867@gmail.com,8839282192,01-03-20,banned
815,HENDRA KUSUMA,hendra4301@hotmail.com,8502925329,18-10-21,inactive
816,sAri lestari,sari498@hotmail.com,8149533502,10-05-20,active
817,ratna wijaya,ratna9835@gmail.com,8385266554,08-01-23,Active
818,Guntur Hartono,guntur1797@gmail.com,8171895128,2021-05-30,BANNED
819,Mega Sari,mega302@yahoo.com,8381944332,17/10/2022,INACTIVE
820,Siti Lestari,siti4332@yahoo.com,8232604280,01/08/2023,in-active
821,Dewi Santoso,dewi1875@gmail.com,8538974737,24-08-20,in-active
822,Dewi Utami,dewi9118@gmail.com,8359517973,03-12-21,INACTIVE
823,Guntur Fauzi,guntur4946@hotmail.com,8513017051,04/11/2022,Active
824,joko purnama,joko783@yahoo.com,8439497253,24/01/2022,INACTIVE
825,Maya Sari,maya8023@hotmail.com,8715767690,06-02-23,actve
826,Indah Hartono,indah5105@gmail.com,8811626533,2021-10-17,actve
827,Joko Setiawan,joko9904@gmail.com,8675676234,08-11-22,active
828,Maya Setiawan,maya6650@hotmail.com,8155243908,01/09/2022,aktive
829,bambanG wati,bambang6090@gmail.com,8207239032,28-08-23,banned
830,putri nasution,putri46@hotmail.com,8535331545,11-02-22,aktive
831,iNdah nasution,indah3160@hotmail.com,8746018352,19/04/2021,banned
832,megA sari,mega2442@yahoo.com,8355884867,2022-05-16,banned
833,Adit Setiawan,adit4408@yahoo.com,8567848244,24/04/2023,BANNED
834,Dewi Purnama,dewi7234@gmail.com,8746407098,2022-05-03,inactive
835,guntur pratama,guntur5136@gmail.com,8418841964,07/08/2021,active
836,Mega Wijaya,mega6036@hotmail.com,8808477647,31/08/2020,Active
837,ratNa purnama,ratna4527@gmail.com,8398726811,2021-01-31,aktive
838,Ratna Sari,ratna5335@hotmail.com,8936287935,10/05/2022,actve
839,Dewi Hidayat,dewi7895@hotmail.com,8924136147,01/12/2021,banned
840,BAMBANG HARTONO,bambang9923@hotmail.com,8291474333,05/09/2020,aktive
841,rian siregar,rian7712@gmail.com,8519464429,11-04-21,INACTIVE
842,Sari Fauzi,sari6652@yahoo.com,8152571533,07-08-22,actve
843,Guntur Nasution,guntur3894@hotmail.com,8833926597,19/11/2023,aktive
844,Indah Pratama,indah9899@hotmail.com,8346276801,21/01/2022,inactive
845,eko Ramadhan,putri209@hotmail.com,8315478414,17/02/2021,aktive
846,INDAH MULYANI,indah1879@gmail.com,8983219858,11-03-22,in-active
847,ADIT GUNAWAN,adit27@gmail.com,8446222638,2023-03-06,Active
848,Bambang Ramadhan,bambang4080@gmail.com,8751074016,03/05/2021,aktive
849,Hendra Ramadhan,hendra4399@gmail.com,8425325069,08/12/2020,Active
850,Sari Kusuma,sari1342@hotmail.com,8913230974,2020-10-26,aktive
851,Lani Ramadhan,lani9917@yahoo.com,8408508794,20-06-22,INACTIVE
852,Bambang Mulyani,bambang9037@yahoo.com,8758666903,2023-10-15,aktive
853,RIAN RAMADHAN,rian4465@gmail.com,8983570846,06-07-20,in-active
854,Adit Kusuma,adit8820@hotmail.com,8956718382,2021-05-14,Active
855,Bambang Santoso,hendra5431@gmail.com,8304963399,03-12-21,INACTIVE
856,indah basuKi,siti3266@hotmail.com,8118071409,03-05-20,INACTIVE
857,Putri Sari,putri7504@gmail.com,8419720954,19/03/2023,in-active
858,Sari Sari,sari5806@gmail.com,8706682223,2023-02-13,BANNED
859,rian purnama,rian1974@gmail.com,8141733513,2023-11-25,active
860,Mega Hidayat,mega7865@yahoo.com,8808168479,2023-04-27,banned
861,Maya Ramadhan,maya9030@gmail.com,8797791156,08-08-23,Active
862,Siti Utami,siti4120@yahoo.com,8142167278,2020-03-08,active
863,guntur mulyAni,guntur8933@yahoo.com,8466010620,01/04/2023,BANNED
864,bambang santoso,bambang808@hotmail.com,8675462418,2022-12-14,inactive
865,Rian Santoso,rian5895@hotmail.com,8256078604,28-11-21,inactive
866,lani lestari,lani3035@yahoo.com,8525174167,05/04/2022,in-active
867,Dewi Ramadhan,dewi6561@hotmail.com,8864506140,22-04-20,aktive
868,indah basuki,maya6575@hotmail.com,8452578930,05-01-23,INACTIVE
869,ratna hartonO,ratna7767@yahoo.com,8906567528,27/02/2023,actve
870,agus sapuTra,agus3170@yahoo.com,8541855213,29-09-23,actve
871,RATNA NASUTION,ratna5063@yahoo.com,8624392274,08-10-23,aktive
872,Joko Ramadhan,joko304@gmail.com,8172389774,2022-08-02,Active
873,Budi Santoso,budi4823@hotmail.com,8606456448,2023-01-04,Active
874,rian hartono,rian9651@yahoo.com,8303828694,22/10/2022,BANNED
875,Sari Setiawan,sari569@gmail.com,8896656951,25/09/2022,active
876,SARI RAMADHAN,sari6365@yahoo.com,8289067351,20/07/2021,Active
877,LANI HIDAYAT,lani582@gmail.com,8215487836,2023-07-19,aktive
878,adit kusuma,adit3978@hotmail.com,8882453956,21-05-21,banned
879,Adit Mulyani,adit6093@gmail.com,8895187149,31-05-20,Active
880,PUTRI SIREGAR,putri5944@hotmail.com,8591491457,07/01/2021,INACTIVE
881,Ani Lestari,ani7043@gmail.com,8345476915,2023-11-07,active
882,budi santosO,rian7615@gmail.com,8217623762,22-01-20,banned
883,lani siregar,lani2923@yahoo.com,8262231528,06-10-20,INACTIVE
884,BAMBANG MULYANI,bambang2565@yahoo.com,8635585730,02/06/2021,BANNED
885,maya hidayat,maya1511@hotmail.com,8652212083,01-01-20,in-active
886,sari purNama,sari1635@hotmail.com,8769694229,2021-03-13,BANNED
887,bAmbang purnama,bambang7194@gmail.com,8456435056,2023-10-08,aktive
888,Maya Basuki,maya4864@yahoo.com,8989752704,10/10/2023,in-active
889,ADIT PURNAMA,adit9436@hotmail.com,8351317843,2021-10-25,actve
890,eko sari,ratna7767@yahoo.com,8998498592,2022-11-29,banned
891,Siti Mulyani,siti6654@yahoo.com,8898293200,25/07/2021,inactive
892,Dedi Siregar,dedi5469@gmail.com,8142702248,21-01-22,active
893,dedi wijaya,dedi6859@hotmail.com,8897913566,2022-01-21,BANNED
894,joko hArtono,joko9760@yahoo.com,8683868499,30/01/2023,inactive
895,Indah Wijaya,indah9732@yahoo.com,8561916029,27-02-20,Active
896,Rian Wijaya,rian1677@yahoo.com,8416753412,2022-12-02,aktive
897,INDAH LESTARI,indah6345@yahoo.com,8114152159,14/03/2022,active
898,sari fauzi,sari4802@yahoo.com,8205026821,28/10/2020,aktive
899,DEWI UTAMI,dewi9453@gmail.com,8749323170,2023-07-12,banned
900,Maya Fauzi,maya7989@hotmail.com,8661087228,28-02-21,Active
901,Sari Pratama,sari8651@gmail.com,8822895211,09/09/2022,aktive
902,Sari Pratama,sari482@gmail.com,8521358168,01/10/2020,in-active
903,Putri Nasution,putri1939@yahoo.com,8661777082,2021-07-10,Active
904,Budi Gunawan,guntur6657@yahoo.com,8284442510,24-08-23,aktive
905,Agus Purnama,agus7752@gmail.com,8931933165,03/03/2020,inactive
906,bambang purnama,bambang9444@yahoo.com,8152091132,30-07-21,INACTIVE
907,AGUS RAMADHAN,agus8092@gmail.com,8257069876,2022-06-13,active
908,Lani Wijaya,lani1198@gmail.com,8576763893,02-02-21,BANNED
909,JOKO SAPUTRA,joko6593@gmail.com,8466938219,2020-04-21,BANNED
910,LANI WIJAYA,lani602@gmail.com,8658790349,2020-09-11,actve
911,Siti Santoso,indah9768@hotmail.com,8544739092,10-08-21,active
912,SARI PURNAMA,sari1950@gmail.com,8917450671,2021-01-18,INACTIVE
913,maya utami,maya6202@gmail.com,8222514869,23/10/2022,INACTIVE
914,Siti Purnama,siti764@gmail.com,8602105578,21/06/2021,BANNED
915,Dedi Siregar,dedi7137@gmail.com,8412761304,02/02/2020,in-active
916,adit santoso,adit8581@gmail.com,8565932378,13/05/2020,BANNED
917,maya lestari,maya3656@yahoo.com,8913207348,12/05/2022,banned
918,Eko Mulyani,eko3893@yahoo.com,8391565386,16-07-22,aktive
919,Putri Wijaya,putri9876@yahoo.com,8466252825,23/02/2022,in-active
920,dEwi saputra,dewi6799@hotmail.com,8819883956,09-07-23,Active
921,BAMBANG PURNAMA,bambang5346@hotmail.com,8483408136,28/12/2023,in-active
922,lani sari,lani3700@hotmail.com,8479801857,28/03/2020,BANNED
923,sari ramadhan,sari1403@hotmail.com,8446679141,17/10/2020,banned
924,riAn hartono,rian5676@gmail.com,8604427668,30-06-20,active
925,putri pratama,putri8525@hotmail.com,8781044553,2020-06-05,inactive
926,Dewi Ramadhan,dewi2359@hotmail.com,8332923525,31/03/2023,inactive
927,MAYA RAMADHAN,maya5032@hotmail.com,8508412770,2021-12-28,INACTIVE
928,Adit Saputra,adit4620@hotmail.com,8938127403,12/01/2022,Active
929,adit fauzi,adit8801@hotmail.com,8344397398,16-04-21,inactive
930,bambang setiaWan,bambang3410@yahoo.com,8128856152,14/06/2022,INACTIVE
931,sari ramadhan,sari4313@gmail.com,8763118828,13-03-21,banned
932,Maya Lestari,maya2575@gmail.com,8802820360,19-12-21,BANNED
933,Adit Basuki,adit7111@gmail.com,8487354744,27/11/2022,aktive
934,Joko Pratama,joko9257@yahoo.com,8941594027,2023-05-25,INACTIVE
935,putri lestaRi,putri5785@gmail.com,8573277125,07/10/2020,INACTIVE
936,mega santoso,mega3879@yahoo.com,8842950172,16-08-22,actve
937,Siti Fauzi,siti592@yahoo.com,8902979546,2023-11-18,active
938,Rian Sari,rian8299@hotmail.com,8199087074,26-02-23,BANNED
939,agus saRi,agus294@yahoo.com,8861172408,2021-03-29,inactive
940,Agus Wati,agus2517@yahoo.com,8868212677,25-03-23,inactive
941,Rian Pratama,rian8195@hotmail.com,8726506035,2021-01-22,inactive
942,hendra fauzi,hendra5201@yahoo.com,8773928196,24/12/2021,Active
943,rian sari,rian116@gmail.com,8756933858,2022-01-11,INACTIVE
944,indaH wijaya,indah2446@hotmail.com,8221810662,10-12-20,Active
945,Rian Wati,rian4069@gmail.com,8335766952,24/06/2021,Active
946,EKO WATI,eko5658@hotmail.com,8166332125,2021-05-12,in-active
947,Adit Purnama,adit5099@gmail.com,8151989498,11-08-21,active
948,Siti Mulyani,siti5165@gmail.com,8123763896,28-12-21,inactive
949,JOKO PURNAMA,joko3342@gmail.com,8773395801,17/09/2023,banned
950,ani gunawan,ani2699@yahoo.com,8873654956,30-07-20,in-active
951,Hendra Santoso,hendra2491@hotmail.com,8944065763,2022-06-26,aktive
952,DEWI SARI,dewi5012@yahoo.com,8567808972,29-09-22,active
953,Eko Purnama,eko7327@yahoo.com,8199261797,2021-11-15,inactive
954,jOko purnama,joko5952@yahoo.com,8547513350,2022-12-10,inactive
955,ANI HIDAYAT,ani5559@hotmail.com,8598176921,2022-01-03,in-active
956,MAYA NASUTION,maya2582@hotmail.com,8555115976,08/04/2020,INACTIVE
957,Dewi Basuki,dewi272@hotmail.com,8224176642,20/09/2023,Active
958,hendra siRegar,hendra8223@gmail.com,8272556787,27-03-23,actve
959,rian waTi,rian8159@hotmail.com,8612537451,08-12-22,Active
960,Indah Basuki,indah8445@gmail.com,8329345032,22/04/2022,aktive
961,Joko Fauzi,joko5777@yahoo.com,8517196181,17-06-20,aktive
962,Hendra Purnama,hendra8817@hotmail.com,8939691453,27/01/2021,inactive
963,agus ramadhan,lani6733@yahoo.com,8531054581,03/09/2023,Active
964,Dewi Utami,dewi393@yahoo.com,8345072590,07/09/2022,BANNED
965,dewi hartono,dewi5322@gmail.com,8412598312,2021-04-23,INACTIVE
966,AGUS GUNAWAN,agus7144@yahoo.com,8362405835,2021-02-06,Active
967,indah utAmi,indah3136@hotmail.com,8939409226,2022-06-15,Active
968,ani basuki,ani3438@gmail.com,8498589910,2020-03-28,Active
969,mega rAmadhan,mega2808@gmail.com,8616522334,03/08/2023,active
970,Bambang Pratama,bambang9336@yahoo.com,8681629673,19-11-20,BANNED
971,gunTur wijaya,guntur7778@hotmail.com,8841440454,30/08/2022,INACTIVE
972,Dewi Nasution,dewi9608@hotmail.com,8202377747,18-12-20,aktive
973,Guntur Saputra,guntur6024@gmail.com,8435441429,2020-01-26,INACTIVE
974,Sari Utami,sari1428@hotmail.com,8642376662,2023-11-20,inactive
975,dewi fauzi,dewi5087@gmail.com,8417484515,26/05/2021,actve
976,sari lEstari,sari7798@hotmail.com,8154663048,12/08/2020,inactive
977,Agus Wijaya,agus4917@yahoo.com,8868016837,04/05/2022,aktive
978,raTna sari,ratna7911@hotmail.com,8804129389,23/07/2021,Active
979,Siti Mulyani,rian2347@yahoo.com,8695900801,17-04-21,banned
980,AGUS KUSUMA,agus2852@hotmail.com,8329688664,01-01-24,active
981,Budi Lestari,budi1441@hotmail.com,8863077846,2021-03-29,BANNED
982,Hendra Ramadhan,hendra9911@hotmail.com,8249419519,07-01-21,BANNED
983,GUNTUR PRATAMA,guntur5272@gmail.com,8206590137,2021-07-04,Active
984,Sari Ramadhan,sari7615@hotmail.com,8129419311,13-06-22,BANNED
985,lanI sari,lani8897@gmail.com,8271577390,24-03-23,aktive
986,DEDI BASUKI,dedi2330@gmail.com,8852740720,10-06-20,inactive
987,aNi wati,ani7437@yahoo.com,8128823699,2023-02-07,inactive
988,dedI hartono,dedi1751@yahoo.com,8948465808,2022-10-18,BANNED
989,SITI LESTARI,budi4823@hotmail.com,8124179282,12-01-20,in-active
990,Joko Basuki,joko9293@yahoo.com,8337662611,2021-07-19,INACTIVE
991,Mega Basuki,guntur8933@yahoo.com,8148254775,2021-05-20,Active
992,riaN wijaya,rian3736@yahoo.com,8792937202,2022-08-07,inactive
993,Eko Hidayat,eko6357@hotmail.com,8598364466,09-09-23,BANNED
994,putri hartono,putri542@hotmail.com,8533667290,10/10/2023,actve
995,dewi basuki,dewi951@yahoo.com,8247152489,2021-03-06,inactive
996,joko hidayat,joko1597@hotmail.com,8813519321,2021-03-31,banned
997,ratna mulyani,ratna2799@hotmail.com,8606674699,21-07-23,inactive
998,Putri Lestari,putri8473@hotmail.com,8632948068,15/02/2020,BANNED
999,Budi Nasution,budi5381@hotmail.com,8244281206,10/06/2022,aktive
1000,Eko Nasution,eko536@gmail.com,8467805316,21/05/2022,INACTIVE